Model,AIC,BIC,RMSE,MAE,MAPE
ARIMA,-11003.820948950892,-10924.131362196555,0.1284387520722644,0.015015838281362413,0.20711790749605158
