Model_Type,MSE,MAE,MAPE,Length
Temporal-Fusion-Transformer,0.06899680522297147,0.048334732810481645,0.41229713789085626,724
