Model_Type,MSE,RMSE,MAE,MAPE,R2,Best params
LSTM,59442043.31249332,7709.866620927583,5085.701576064996,0.10278227076473466,0.8280611917178309,"{'batch_size': 16, 'dropout': 0.3, 'learning_rate': 0.001, 'units': 150}"
BiLSTM,36266602.11577298,6022.175862242232,4059.3676688435958,0.09436028577230207,0.8950972072839392,"{'batch_size': 16, 'dropout': 0.4, 'learning_rate': 0.001, 'units': 100}"
Attention-LSTM,58194353.37250096,7628.522358392938,5003.472765591653,0.10080708490712141,0.831670191500361,"{'batch_size': 16, 'dropout': 0.2, 'learning_rate': 0.001, 'units': 150}"
Attention-BiLSTM,57300490.54648197,7569.708749118553,4884.5025181754345,0.10547135686899595,0.8342557302959485,"{'batch_size': 16, 'dropout': 0.3, 'learning_rate': 0.001, 'units': 150}"
Ensemble-LSTM,34592440.72640468,5881.533875308777,3860.8965581804464,0.08330703628875098,0.8999397950908005,N/A (Ensemble)
