Model_Type,MSE,RMSE,MAE,MAPE,R2,Length
Temporal-Fusion-Transformer,16220333.420416906,4027.4475068480915,2432.1452288635824,0.04736530350619212,0.953081949360584,724
