MSE,MAE,MAPE
0.9505518,0.8998582,5.7395153
